{
    "$schema": "https://schema.management.azure.com/schemas/2015-01-01/deploymentParameters.json#",
    "contentVersion": "1.0.0.0",
    "parameters": {
        "vulnerabilityAssessments_Default_storageContainerPath": {
            "value": null
        },
        "workspaces_asawstokyoolympics_name": {
            "value": null
        },
        "workspaces_databrickswstokyolympics_name": {
            "value": null
        },
        "storageAccounts_tokyoolympicsdatastorage_name": {
            "value": null
        }
    }
}